{
	"format_version": "1.12.0",
	"minecraft:geometry": [
		{
			"description": {
				"identifier": "geometry.tameable_fox",
				"texture_width": 64,
				"texture_height": 32,
				"visible_bounds_width": 4,
				"visible_bounds_height": 2.5,
				"visible_bounds_offset": [0, 0.75, 0]
			},
			"bones": [
				{
					"name": "root",
					"pivot": [0, 0, 0]
				},
				{
					"name": "body",
					"parent": "root",
					"pivot": [0, 8, 0],
					"cubes": [
						{
							"origin": [-3, 0, -3],
							"size": [6, 11, 6],
							"pivot": [0, 8, 0],
							"rotation": [90, 0, 0],
							"uv": [30, 15]
						}
					]
				},
				{
					"name": "head",
					"parent": "body",
					"pivot": [0, 8, -3],
					"cubes": [
						{
							"origin": [-4, 4, -9],
							"size": [8, 6, 6],
							"uv": [0, 0]
						},
						{
							"origin": [-4, 10, -8],
							"size": [2, 2, 1],
							"uv": [0, 0]
						},
						{
							"origin": [2, 10, -8],
							"size": [2, 2, 1],
							"uv": [22, 0]
						},
						{
							"origin": [-2, 4, -12],
							"size": [4, 2, 3],
							"uv": [0, 24]
						}
					],
					"locators": {
						"held_item": [-2, 5, -10],
						"lead": [0, 4, -4]
					}
				},
				{
					"name": "head_sleeping",
					"parent": "head",
					"pivot": [0, 8, -3],
					"cubes": [
						{
							"origin": [-4, 4, -9],
							"size": [8, 6, 6],
							"uv": [0, 12]
						},
						{
							"origin": [-4, 10, -8],
							"size": [2, 2, 1],
							"uv": [0, 0]
						},
						{
							"origin": [2, 10, -8],
							"size": [2, 2, 1],
							"uv": [22, 0]
						},
						{
							"origin": [-2, 4, -12],
							"size": [4, 2, 3],
							"uv": [0, 24]
						}
					]
				},
				{
					"name": "leg0",
					"parent": "body",
					"pivot": [-3, 6, 6],
					"cubes": [
						{
							"origin": [-3.005, 0, 5],
							"size": [2, 6, 2],
							"uv": [14, 24]
						}
					]
				},
				{
					"name": "leg1",
					"parent": "body",
					"pivot": [1, 6, 6],
					"cubes": [
						{
							"origin": [1.005, 0, 5],
							"size": [2, 6, 2],
							"uv": [22, 24]
						}
					]
				},
				{
					"name": "leg2",
					"parent": "body",
					"pivot": [-3, 6, -1],
					"cubes": [
						{
							"origin": [-3.005, 0, -2],
							"size": [2, 6, 2],
							"uv": [14, 24]
						}
					]
				},
				{
					"name": "leg3",
					"parent": "body",
					"pivot": [1, 6, -1],
					"cubes": [
						{
							"origin": [1.005, 0, -2],
							"size": [2, 6, 2],
							"uv": [22, 24]
						}
					]
				},
				{
					"name": "tail",
					"parent": "body",
					"pivot": [0, 8, 7],
					"rotation": [90, 0, 0],
					"cubes": [
						{
							"origin": [-2, -2, 4.75],
							"size": [4, 9, 5],
							"uv": [28, 0]
						}
					]
				},
				{
					"name": "world",
					"pivot": [0, 0, 0]
				}
			]
		}
	]
}