{
    "format_version": "1.20.10",
    "sound_definitions": {
        "mob.herobrine.idle":{
            "category": "neutral",
            "sounds": [
                {   
                    "name": "sounds/idle1",
                    "load_on_low_memory": true
                },
                {
                    "name": "sounds/idle2",
                    "load_on_low_memory": false
                },
                {
                    "name": "sounds/idle3",
                    "load_on_low_memory": false
                }
            ]
        },

        "mob.herobrine.hurt":{
            "category": "hostile",
            "sounds": [
                {   
                    "name": "sounds/hurt",
                    "load_on_low_memory": true
                },
                {
                    "name": "sounds/hurt1",
                    "load_on_low_memory": false
                }
            ]
        },

        "mob.herobrine.death":{
            "category": "hostile",
            "sounds": [
                {   
                    "name": "sounds/death",
                    "load_on_low_memory": true
                }
            ]
        }
    }
}